file_name,file_path,file_size_mb,page_count,inventory_timestamp,title,author,subject,creator,producer,creation_date,modification_date
1.pdf,/home/manu/mining_gpt/data/raw_pdfs/1.pdf,11.98,167,2026-06-01T15:13:34.584904,mining of minerals .cdr,rao,,PScript5.dll Version 5.2.2,Acrobat Distiller 4.05 for Windows,2010-03-19 18:47:33,2010-05-10 15:33:19+05:30
1005_15052026064021.pdf,/home/manu/mining_gpt/data/raw_pdfs/1005_15052026064021.pdf,0.73,10,2026-06-01T15:13:34.591291,,,,,iTextSharp™ 5.5.13.1 ©2000-2019 iText Group NV (AGPL-version),2025-10-21 16:15:45+05:30,2025-10-21 16:16:12+05:30
1012_11082025014333.pdf,/home/manu/mining_gpt/data/raw_pdfs/1012_11082025014333.pdf,0.13,14,2026-06-01T15:13:34.594284,"THE AIR (PREVENTION AND CONTROL OF POLLUTION) ACT, 1981",,,,wkhtmltopdf,2012-05-30 10:33:08+00:00,
1012_11082025023324.pdf,/home/manu/mining_gpt/data/raw_pdfs/1012_11082025023324.pdf,1.79,8,2026-06-01T15:13:34.601256,,,,PDFium,PDFium,2024-11-21 15:38:59,
1012_11082025033737.pdf,/home/manu/mining_gpt/data/raw_pdfs/1012_11082025033737.pdf,0.23,20,2026-06-01T15:13:34.607808,,,,,ilovepdf.com,,2018-11-26 10:23:53+01:00
1012_11082025034049.pdf,/home/manu/mining_gpt/data/raw_pdfs/1012_11082025034049.pdf,1.77,4,2026-06-01T15:13:34.614332,,,,,iTextSharp™ 5.5.13.1 ©2000-2019 iText Group NV (AGPL-version),2024-11-13 16:52:19+05:30,2024-11-13 16:52:34+05:30
1012_11082025034352.pdf,/home/manu/mining_gpt/data/raw_pdfs/1012_11082025034352.pdf,1.94,6,2026-06-01T15:13:34.621401,,,,,iTextSharp™ 5.5.13.1 ©2000-2019 iText Group NV (AGPL-version),2025-07-30 14:38:59+05:30,2025-07-30 14:39:27+05:30
1012_11082025034702.pdf,/home/manu/mining_gpt/data/raw_pdfs/1012_11082025034702.pdf,2.23,66,2026-06-01T15:13:34.642994,,,,,iTextSharp™ 5.5.13.1 ©2000-2019 iText Group NV (AGPL-version),2025-01-31 11:21:46+05:30,2025-01-31 11:22:20+05:30
1012_15052026065705.pdf,/home/manu/mining_gpt/data/raw_pdfs/1012_15052026065705.pdf,0.93,8,2026-06-01T15:13:34.646839,,,,,iTextSharp™ 5.5.13.1 ©2000-2019 iText Group NV (AGPL-version),2026-01-27 22:44:52+05:30,2026-01-27 22:50:12+05:30
11.pdf,/home/manu/mining_gpt/data/raw_pdfs/11.pdf,5.62,216,2026-06-01T15:13:34.698772,Untitled,,,UnknownApplication,GPL Ghostscript 8.56,2010-09-15 10:30:13+00:00,2010-12-24 10:54:45+05:30
2.pdf,/home/manu/mining_gpt/data/raw_pdfs/2.pdf,7.88,259,2026-06-01T15:13:34.768841,Untitled,,,UnknownApplication,GPL Ghostscript 8.56,2010-09-15 10:18:24+00:00,2010-12-24 11:02:48+05:30
330.pdf,/home/manu/mining_gpt/data/raw_pdfs/330.pdf,0.05,6,2026-06-01T15:13:34.770477,"THE PUBLIC LIABILITY INSURANCE ACT, 1991",,,,wkhtmltopdf,2012-05-30 08:48:35+00:00,
4-7-2014-4-fencing-of-sefety-zone.pdf,/home/manu/mining_gpt/data/raw_pdfs/4-7-2014-4-fencing-of-sefety-zone.pdf,0.08,2,2026-06-01T15:13:34.772236,,,,Scan Process Machine,Adobe Acrobat 9.47 Paper Capture Plug-in,2014-07-04 17:37:19+00:00,2014-08-13 13:47:43+05:30
5.pdf,/home/manu/mining_gpt/data/raw_pdfs/5.pdf,12.14,112,2026-06-01T15:13:34.818196,Coal washeries.cdr,rao,,PScript5.dll Version 5.2.2,Acrobat Distiller 4.05 for Windows,2010-03-15 18:47:17,2010-05-10 15:36:57+05:30
6.pdf,/home/manu/mining_gpt/data/raw_pdfs/6.pdf,0.07,8,2026-06-01T15:13:34.820310,"THE PUBLIC LIABILITY INSURANCE ACT, 1991",,,,wkhtmltopdf,2012-05-30 08:46:38+00:00,
642d0ab635ce81680673462.pdf,/home/manu/mining_gpt/data/raw_pdfs/642d0ab635ce81680673462.pdf,2.76,222,2026-06-01T15:13:34.861486,Microsoft Word - 1086gi.doc,Administrator,,PScript5.dll Version 5.2.2,GPL Ghostscript 8.15,2017-03-05 14:04:21+00:00,2017-03-05 14:19:08+05:30
642d0b35621c51680673589.pdf,/home/manu/mining_gpt/data/raw_pdfs/642d0b35621c51680673589.pdf,0.54,26,2026-06-01T15:13:34.868750,Microsoft Word - 1759gi.doc,Administrator,,PScript5.dll Version 5.2.2,GPL Ghostscript 8.15,2015-04-21 15:10:39,2015-04-21 15:10:39
64dc579c4f9e31692161948.pdf,/home/manu/mining_gpt/data/raw_pdfs/64dc579c4f9e31692161948.pdf,0.27,9,2026-06-01T15:13:34.872617,,,,,iTextSharp™ 5.5.13.1 ©2000-2019 iText Group NV (AGPL-version),2023-08-10 04:44:41+05:30,2023-08-10 04:46:25+05:30
6523accddc55f1696836813.pdf,/home/manu/mining_gpt/data/raw_pdfs/6523accddc55f1696836813.pdf,0.84,2,2026-06-01T15:13:34.876426,,,,PDFium,PDFium,2023-10-09 10:42:31,
6523af0be1e881696837387.pdf,/home/manu/mining_gpt/data/raw_pdfs/6523af0be1e881696837387.pdf,0.84,2,2026-06-01T15:13:34.879535,,,,PDFium,PDFium,2023-10-09 10:41:21,
652cc2265412c1697432102.pdf,/home/manu/mining_gpt/data/raw_pdfs/652cc2265412c1697432102.pdf,0.57,3,2026-06-01T15:13:34.883050,,,,,iTextSharp™ 5.5.13.1 ©2000-2019 iText Group NV (AGPL-version),2023-10-13 18:06:10+05:30,2023-10-13 18:09:19+05:30
652cc26c47f961697432172.pdf,/home/manu/mining_gpt/data/raw_pdfs/652cc26c47f961697432172.pdf,1.11,3,2026-06-01T15:13:34.886930,,,,,iTextSharp™ 5.5.13.1 ©2000-2019 iText Group NV (AGPL-version),2023-10-12 22:21:16+05:30,2023-10-12 22:22:39+05:30
65ae5352376011705923410.pdf,/home/manu/mining_gpt/data/raw_pdfs/65ae5352376011705923410.pdf,1.46,24,2026-06-01T15:13:34.896591,,,,,iTextSharp™ 5.5.13.1 ©2000-2019 iText Group NV (AGPL-version),2024-01-21 20:23:45+05:30,2024-01-21 20:30:11+05:30
65ae5390911361705923472.pdf,/home/manu/mining_gpt/data/raw_pdfs/65ae5390911361705923472.pdf,1.22,9,2026-06-01T15:13:34.908332,,,,,iTextSharp™ 5.5.13.1 ©2000-2019 iText Group NV (AGPL-version),2024-01-21 21:24:36+05:30,2024-01-21 21:27:22+05:30
65ae53c19cab41705923521.pdf,/home/manu/mining_gpt/data/raw_pdfs/65ae53c19cab41705923521.pdf,0.7,4,2026-06-01T15:13:34.915812,,,,,iTextSharp™ 5.5.13.1 ©2000-2019 iText Group NV (AGPL-version),2024-01-21 20:31:54+05:30,2024-01-21 20:36:06+05:30
65e17ed6d85c51709276886.pdf,/home/manu/mining_gpt/data/raw_pdfs/65e17ed6d85c51709276886.pdf,1.24,9,2026-06-01T15:13:34.923709,,,,PDFium,PDFium,2024-02-29 14:14:59,
65e6e33f561941709630271.pdf,/home/manu/mining_gpt/data/raw_pdfs/65e6e33f561941709630271.pdf,0.35,2,2026-06-01T15:13:34.925958,,,,Mozilla Firefox 123.0,cairo 1.17.4 (https://cairographics.org),2024-02-29 13:48:32+05:30,
65e6e43e9dfae1709630526.pdf,/home/manu/mining_gpt/data/raw_pdfs/65e6e43e9dfae1709630526.pdf,1.13,3,2026-06-01T15:13:34.928806,,,,PDFium,PDFium,2024-02-29 16:30:19,
65fd6174b1a681711104372.pdf,/home/manu/mining_gpt/data/raw_pdfs/65fd6174b1a681711104372.pdf,1.31,16,2026-06-01T15:13:34.934460,,,,PDFium,PDFium,2024-03-22 16:04:34,
65fd6b57ab0551711106903.pdf,/home/manu/mining_gpt/data/raw_pdfs/65fd6b57ab0551711106903.pdf,0.6,6,2026-06-01T15:13:34.937648,,,,PDFium,PDFium,2024-03-22 16:17:33,
6631dd7518bf71714543989.pdf,/home/manu/mining_gpt/data/raw_pdfs/6631dd7518bf71714543989.pdf,1.13,3,2026-06-01T15:13:34.941013,,,,PDFium,PDFium,2024-05-01 09:57:46,
663482301e1eb1714717232.pdf,/home/manu/mining_gpt/data/raw_pdfs/663482301e1eb1714717232.pdf,0.59,3,2026-06-01T15:13:34.944135,,,,,iTextSharp™ 5.5.13.1 ©2000-2019 iText Group NV (AGPL-version),2024-02-21 15:24:58+05:30,2024-02-21 15:27:33+05:30
666a9ae9e4af51718262505.pdf,/home/manu/mining_gpt/data/raw_pdfs/666a9ae9e4af51718262505.pdf,1.69,46,2026-06-01T15:13:34.952677,"Mines and Minerals (Development and Regulation) Act, 1957.pdf",RoomNo302da  YP,,,Microsoft: Print To PDF,2024-06-13 12:53:42+05:30,2024-06-13 12:53:42+05:30
666ab5ceae0021718269390.pdf,/home/manu/mining_gpt/data/raw_pdfs/666ab5ceae0021718269390.pdf,1.76,45,2026-06-01T15:13:34.965827,,,,,iTextSharp™ 5.5.13.1 ©2000-2019 iText Group NV (AGPL-version),2024-06-07 19:21:58+05:30,2024-06-07 19:26:31+05:30
68ac5fc3960e81756127171.pdf,/home/manu/mining_gpt/data/raw_pdfs/68ac5fc3960e81756127171.pdf,0.48,5,2026-06-01T15:13:34.971770,,,,,iTextSharp™ 5.5.13.1 ©2000-2019 iText Group NV (AGPL-version),2025-08-22 12:50:10+05:30,2025-08-22 13:06:45+05:30
68b696bcb25901756796604.pdf,/home/manu/mining_gpt/data/raw_pdfs/68b696bcb25901756796604.pdf,0.41,1,2026-06-01T15:13:34.974411,,,,PDFium,PDFium,2025-09-02 12:27:13,
6932ab31a99451764928305.pdf,/home/manu/mining_gpt/data/raw_pdfs/6932ab31a99451764928305.pdf,0.81,61,2026-06-01T15:13:35.009441,,INDIA CODE,,Microsoft® Word 2021,Microsoft® Word 2021,2025-11-26 15:45:39+05:30,2025-11-26 15:45:39+05:30
69cdf64def4391775105613.pdf,/home/manu/mining_gpt/data/raw_pdfs/69cdf64def4391775105613.pdf,0.62,5,2026-06-01T15:13:35.013038,,,,,iTextSharp™ 5.5.13.1 ©2000-2019 iText Group NV (AGPL-version),2026-03-31 00:06:45+05:30,2026-03-31 00:07:55+05:30
69d6013718cfa1775632695.pdf,/home/manu/mining_gpt/data/raw_pdfs/69d6013718cfa1775632695.pdf,0.58,12,2026-06-01T15:13:35.017883,Microsoft Word - 3506gi.doc,Press-3,,Microsoft® Word 2013,Microsoft® Word 2013,2026-02-10 16:44:02+05:30,2026-02-10 16:44:02+05:30
69d6016151f8d1775632737.pdf,/home/manu/mining_gpt/data/raw_pdfs/69d6016151f8d1775632737.pdf,0.8,3,2026-06-01T15:13:35.020516,,acer1,,Microsoft® Word 2013,Microsoft® Word 2013,2026-02-06 15:59:45+05:30,2026-02-06 15:59:45+05:30
69d601a551c9c1775632805.pdf,/home/manu/mining_gpt/data/raw_pdfs/69d601a551c9c1775632805.pdf,1.98,83,2026-06-01T15:13:35.049133,,acer1,,Microsoft® Word 2013,Microsoft® Word 2013,2026-02-19 11:27:33+05:30,2026-02-19 11:27:33+05:30
69d601c7274631775632839.pdf,/home/manu/mining_gpt/data/raw_pdfs/69d601c7274631775632839.pdf,1.09,31,2026-06-01T15:13:35.062663,,ACER,,Microsoft® Word 2013,Microsoft® Word 2013,2026-02-09 17:52:36+05:30,2026-02-09 17:52:36+05:30
69d601f1b7d3e1775632881.pdf,/home/manu/mining_gpt/data/raw_pdfs/69d601f1b7d3e1775632881.pdf,0.97,53,2026-06-01T15:13:35.079998,,acer1,,Microsoft® Word 2013,Microsoft® Word 2013,2026-02-17 15:27:52+05:30,2026-02-17 15:27:52+05:30
69d60225882421775632933.pdf,/home/manu/mining_gpt/data/raw_pdfs/69d60225882421775632933.pdf,2.75,141,2026-06-01T15:13:35.153722,,IBM,,Microsoft® Word 2013,Microsoft® Word 2013,2026-02-12 12:41:07+05:30,2026-02-12 12:41:07+05:30
69dc78573fd851776056407.pdf,/home/manu/mining_gpt/data/raw_pdfs/69dc78573fd851776056407.pdf,0.6,2,2026-06-01T15:13:35.156030,,,,PDFium,PDFium,2026-04-13 09:53:54,
69dc787955c0c1776056441.pdf,/home/manu/mining_gpt/data/raw_pdfs/69dc787955c0c1776056441.pdf,0.52,2,2026-06-01T15:13:35.157629,,,,PDFium,PDFium,2026-04-13 09:54:36,
6a.pdf,/home/manu/mining_gpt/data/raw_pdfs/6a.pdf,9.26,108,2026-06-01T15:13:35.181883,mineral beneficiation-title.cdr,rao,,PScript5.dll Version 5.2.2,Acrobat Distiller 4.05 for Windows,2010-03-08 18:29:07,2010-05-10 15:35:15+05:30
7.pdf,/home/manu/mining_gpt/data/raw_pdfs/7.pdf,6.63,335,2026-06-01T15:13:35.254333,Untitled,,,UnknownApplication,GPL Ghostscript 8.56,2010-09-15 10:34:59+00:00,2010-12-24 11:01:11+05:30
9.pdf,/home/manu/mining_gpt/data/raw_pdfs/9.pdf,5.47,213,2026-06-01T15:13:35.303728,Untitled,,,UnknownApplication,GPL Ghostscript 8.56,2010-09-15 10:10:03+00:00,2010-12-24 10:42:45+05:30
A1948-46.pdf,/home/manu/mining_gpt/data/raw_pdfs/A1948-46.pdf,0.55,17,2026-06-01T15:13:35.310255,,HP,,Microsoft® Word 2010,Microsoft® Word 2010,2018-11-05 14:36:44-08:00,2018-11-05 14:36:44-08:00
A1957-67.pdf,/home/manu/mining_gpt/data/raw_pdfs/A1957-67.pdf,0.89,61,2026-06-01T15:13:35.332841,,INDIA CODE,,Microsoft® Word 2021,Microsoft® Word 2021,2026-04-22 10:02:52+05:30,2026-04-22 10:02:52+05:30
A1986-61.pdf,/home/manu/mining_gpt/data/raw_pdfs/A1986-61.pdf,0.21,11,2026-06-01T15:13:35.337425,,ANJU,,Microsoft® Word 2019,Microsoft® Word 2019,2022-02-21 16:51:08-08:00,2022-02-21 16:51:08-08:00
A1987-16.pdf,/home/manu/mining_gpt/data/raw_pdfs/A1987-16.pdf,0.97,50,2026-06-01T15:13:35.387298,,India Code,,Microsoft® Word 2010,Microsoft® Word 2010,2018-07-12 14:57:32+05:30,2018-07-12 14:57:32+05:30
A2001-52.pdf,/home/manu/mining_gpt/data/raw_pdfs/A2001-52.pdf,0.3,24,2026-06-01T15:13:35.394526,,deo ld,,Microsoft® Word 2019,Microsoft® Word 2019,2023-07-14 11:48:48+05:30,2023-07-14 11:48:48+05:30
A2013-18.pdf,/home/manu/mining_gpt/data/raw_pdfs/A2013-18.pdf,3.13,370,2026-06-01T15:13:35.508204,,Administrator,,Microsoft® Word 2019,Microsoft® Word 2019,2024-11-07 11:12:04+05:30,2024-11-07 11:12:04+05:30
AAa52__1961.pdf,/home/manu/mining_gpt/data/raw_pdfs/AAa52__1961.pdf,0.33,23,2026-06-01T15:13:35.515422,,Madhu,,Microsoft® Word 2019,Microsoft® Word 2019,2021-07-29 15:14:29-07:00,2021-07-29 15:14:29-07:00
AMCR.pdf,/home/manu/mining_gpt/data/raw_pdfs/AMCR.pdf,0.74,65,2026-06-01T15:13:35.525449,Microsoft Word - 3460gi.doc,Administrator,,PScript5.dll Version 5.2.2,GPL Ghostscript 9.06,2016-07-14 10:20:13+05:30,2016-07-14 10:20:13+05:30
BIS_Drinking_Water_Specification.pdf,/home/manu/mining_gpt/data/raw_pdfs/BIS_Drinking_Water_Specification.pdf,0.12,16,2026-06-01T15:13:35.531747,IS 10500 (2012): Drinking water,Bureau of Indian Standards,Published Under the Right to Information Act,pdftk 1.44 - www.pdftk.com,itext-paulo-155 (itextpdf.sf.net-lowagie.com),2013-09-05 13:05:35-07:00,2016-12-27 16:09:28+05:30
Coal Mines Regulation 2017.pdf,/home/manu/mining_gpt/data/raw_pdfs/Coal Mines Regulation 2017.pdf,1.92,121,2026-06-01T15:13:35.552277,,,,FoxyUtils Online PDF https://foxyutils.com,UniDoc Library version 2.0.0-alpha.4 - http://unidoc.io,,2017-11-29 15:50:33+05:30
DMFrules.pdf,/home/manu/mining_gpt/data/raw_pdfs/DMFrules.pdf,0.1,2,2026-06-01T15:13:35.554385,Microsoft Word - 3963gi,Administrator,,PScript5.dll Version 5.2.2,GPL Ghostscript 9.06,2015-09-17 22:21:29+05:30,2015-09-17 22:21:29+05:30
Designated_Best_Use_Water_Quality_Criteria.pdf,/home/manu/mining_gpt/data/raw_pdfs/Designated_Best_Use_Water_Quality_Criteria.pdf,0.02,1,2026-06-01T15:13:35.555893,,Hewlett-Packard Company,,Acrobat PDFMaker 15 for Word,Adobe PDF Library 15.0,2019-10-23 12:37:46+05:30,2019-10-23 12:37:46+05:30
Directions-dated-13-Nov-2013-EPA.pdf,/home/manu/mining_gpt/data/raw_pdfs/Directions-dated-13-Nov-2013-EPA.pdf,0.78,67,2026-06-01T15:13:35.565639,Graphic1,shahnawaz,,CorelDRAW,Adobe Acrobat 9.47 Paper Capture Plug-in,2013-11-13 22:31:56+05:30,2013-11-13 23:17:49+05:30
Draft_MMR_2018.pdf,/home/manu/mining_gpt/data/raw_pdfs/Draft_MMR_2018.pdf,1.37,169,2026-06-01T15:13:35.605335,,INTEL,,Microsoft® Office Word 2007,Microsoft® Office Word 2007,2018-10-03 18:15:47+05:30,2018-10-03 18:15:47+05:30
GSR-23-E.pdf,/home/manu/mining_gpt/data/raw_pdfs/GSR-23-E.pdf,0.17,16,2026-06-01T15:13:35.610232,Microsoft Word - GSR 23 E,NCM,,PScript5.dll Version 5.2.2,GPL Ghostscript 8.15,2012-05-29 17:32:51,2012-05-29 17:32:51
GSR-719-E.pdf,/home/manu/mining_gpt/data/raw_pdfs/GSR-719-E.pdf,0.05,9,2026-06-01T15:13:35.612573,Microsoft Word - GSR 719 E,NCM,,PScript5.dll Version 5.2.2,GPL Ghostscript 8.15,2012-05-29 17:33:19,2012-05-29 17:33:19
Guidelines_040714.pdf,/home/manu/mining_gpt/data/raw_pdfs/Guidelines_040714.pdf,0.24,2,2026-06-01T15:13:35.614133,,,,Canon , ,2014-07-14 12:29:25+05:30,
H1927-16.pdf,/home/manu/mining_gpt/data/raw_pdfs/H1927-16.pdf,0.52,22,2026-06-01T15:13:35.629520,"भारतीय वन अधिनियम, 1927",pc,,Microsoft® Word 2016,Microsoft® Word 2016,2023-08-11 13:14:28+05:30,2023-08-11 13:14:28+05:30
H1948-46.pdf,/home/manu/mining_gpt/data/raw_pdfs/H1948-46.pdf,0.52,13,2026-06-01T15:13:35.639492,कोयला खान भविष्य-निधि और प्रकीर्ण उपबंध,pc,,Microsoft® Word 2016,Microsoft® Word 2016,2024-01-18 15:01:50+05:30,2024-01-18 15:01:50+05:30
H195767H.pdf,/home/manu/mining_gpt/data/raw_pdfs/H195767H.pdf,0.93,32,2026-06-01T15:13:35.674873,,FB2016HINDI,,Microsoft® Word 2016,Microsoft® Word 2016,2024-02-07 12:00:28+05:30,2024-02-07 12:00:28+05:30
H1961-52.pdf,/home/manu/mining_gpt/data/raw_pdfs/H1961-52.pdf,0.46,14,2026-06-01T15:13:35.684308,"शिक्षु अधिनियम, 1961",FB2016HINDI,,Microsoft® Word 2016,Microsoft® Word 2016,2024-04-12 16:57:34+05:30,2024-04-12 16:57:34+05:30
H1986-27.pdf,/home/manu/mining_gpt/data/raw_pdfs/H1986-27.pdf,0.22,2,2026-06-01T15:13:35.688543,,FB2016HINDI,,Microsoft® Word 2016,Microsoft® Word 2016,2024-04-30 15:11:00+05:30,2024-04-30 15:11:00+05:30
H1986-61.pdf,/home/manu/mining_gpt/data/raw_pdfs/H1986-61.pdf,0.43,8,2026-06-01T15:13:35.695487,बालक श्रम (प्रतिषेध और विनियमन),FB2016HINDI,,Microsoft® Word 2016,Microsoft® Word 2016,2024-04-30 15:21:20+05:30,2024-04-30 15:21:20+05:30
H1987-16.pdf,/home/manu/mining_gpt/data/raw_pdfs/H1987-16.pdf,1.18,39,2026-06-01T15:13:35.735428,"गोवा, दमण और दीव खनन रियायत (उत्‍सादन और खनन पट्टा के रूप में घोषणा) अधिनियम, 1987",PC,,Microsoft® Word 2016,Microsoft® Word 2016,2023-09-21 16:37:54+05:30,2023-09-21 16:37:54+05:30
H2001-52.pdf,/home/manu/mining_gpt/data/raw_pdfs/H2001-52.pdf,0.56,21,2026-06-01T15:13:35.738752,"Microsoft Word - H2001-52 à¤−à¤°à¥“à¤œà¤¾ à¤¸à¤‡à¤°à¤Łà¥“à¤·à¤£ à¤–à¤§à¤¿à¤¨à¤¿à¤¯à¤®, 2001.doc",HP,,,Microsoft: Print To PDF,2024-07-08 17:13:02+05:30,2024-07-08 17:13:02+05:30
H2003-17.pdf,/home/manu/mining_gpt/data/raw_pdfs/H2003-17.pdf,0.44,16,2026-06-01T15:13:35.745120,"अपतट क्षेत्र खनिज (विकास और विनियमन) अधिनियम, 2002",PC,,Microsoft® Word 2016,Microsoft® Word 2016,2023-09-22 11:45:00+05:30,2023-09-22 11:45:00+05:30
H2015-11.pdf,/home/manu/mining_gpt/data/raw_pdfs/H2015-11.pdf,1.01,23,2026-06-01T15:13:35.768316,"कोयला खान (विशेष उपंबध) अधिनियम, 2015",pc,,Microsoft® Word 2016,Microsoft® Word 2016,2023-08-11 16:10:15+05:30,2023-08-11 16:10:15+05:30
MAR.pdf,/home/manu/mining_gpt/data/raw_pdfs/MAR.pdf,0.26,24,2026-06-01T15:13:35.774195,Microsoft Word - 2241gi.doc,Administrator,,PScript5.dll Version 5.2.2,GPL Ghostscript 8.15,2015-05-21 23:11:27,2015-05-21 23:11:27
MCR16.pdf,/home/manu/mining_gpt/data/raw_pdfs/MCR16.pdf,6.01,93,2026-06-01T15:13:35.802659,,,,OmniPage CSDK 15.5,OmniPage CSDK 15.5,2016-03-06 10:06:33+00:00,2016-03-06 10:09:21+00:00
MMDR2020.pdf,/home/manu/mining_gpt/data/raw_pdfs/MMDR2020.pdf,0.08,6,2026-06-01T15:13:35.804534,,,,,www.ilovepdf.com,2020-03-14 00:01:23+05:30,2020-03-16 04:38:12+00:00
MMDR2021Amendment.pdf,/home/manu/mining_gpt/data/raw_pdfs/MMDR2021Amendment.pdf,0.34,12,2026-06-01T15:13:35.808525,,,,,iTextSharp™ 5.5.13.1 ©2000-2019 iText Group NV (AGPL-version),2021-03-28 21:38:42+05:30,2021-03-28 21:40:36+05:30
MMDRamend.pdf,/home/manu/mining_gpt/data/raw_pdfs/MMDRamend.pdf,0.09,2,2026-06-01T15:13:35.810246,838GI.p65,EGIPMR,,PageMaker 6.5,Acrobat Distiller 7.0 (Windows),2016-05-10 10:39:06+05:30,2016-05-10 10:39:06+05:30
MinesAct1952.pdf,/home/manu/mining_gpt/data/raw_pdfs/MinesAct1952.pdf,0.15,33,2026-06-01T15:13:35.816651,The Mines Act 1952,"D G M S (S&T),DHN",,PScript5.dll Version 5.2.2,Acrobat Distiller 7.0 (Windows),2011-01-10 12:43:32+05:30,2011-01-10 12:44:23+05:30
NMEP.pdf,/home/manu/mining_gpt/data/raw_pdfs/NMEP.pdf,0.34,20,2026-06-01T15:13:35.820722,Microsoft Word - 3628gi.doc,Administrator,,PScript5.dll Version 5.2.2,GPL Ghostscript 9.06,2016-07-23 10:14:30+05:30,2016-07-23 10:14:30+05:30
NMETcomp.pdf,/home/manu/mining_gpt/data/raw_pdfs/NMETcomp.pdf,0.26,10,2026-06-01T15:13:35.823458,Microsoft Word - 3506gi.doc,Press-3,,PScript5.dll Version 5.2.2,GPL Ghostscript 8.15,2015-08-20 09:19:14,2015-08-20 09:19:14
NMETrules.pdf,/home/manu/mining_gpt/data/raw_pdfs/NMETrules.pdf,0.26,10,2026-06-01T15:13:35.826774,Microsoft Word - 3506gi.doc,Press-3,,PScript5.dll Version 5.2.2,GPL Ghostscript 8.15,2015-08-20 09:19:14,2015-08-20 09:19:14
NMP2019.pdf,/home/manu/mining_gpt/data/raw_pdfs/NMP2019.pdf,0.91,14,2026-06-01T15:13:35.832724,,,,,api.ilovepdf.com,,2019-03-12 12:25:53+00:00
National_Ambient_Air_Quality_Standards.pdf,/home/manu/mining_gpt/data/raw_pdfs/National_Ambient_Air_Quality_Standards.pdf,0.31,4,2026-06-01T15:13:35.834910,,website,,Microsoft® Office Word 2007,Microsoft® Office Word 2007,2016-04-29 16:15:52+05:30,2016-04-29 16:15:52+05:30
NonFerrousMetalSRF2020.pdf,/home/manu/mining_gpt/data/raw_pdfs/NonFerrousMetalSRF2020.pdf,1.55,23,2026-06-01T15:13:35.846104,,MINES,,Microsoft® Office Word 2007,Microsoft® Office Word 2007,2021-01-06 10:48:51,2021-01-06 10:48:51
OM-FC-100114.pdf,/home/manu/mining_gpt/data/raw_pdfs/OM-FC-100114.pdf,1.06,24,2026-06-01T15:13:35.851662,,,,TOSHIBA e-STUDIO455,Adobe Acrobat 9.47 Paper Capture Plug-in,2014-01-10 17:15:55+12:00,2014-01-10 17:21:53+05:30
PMKKKY.pdf,/home/manu/mining_gpt/data/raw_pdfs/PMKKKY.pdf,0.61,7,2026-06-01T15:13:35.854420,,,,PDFium,PDFium,2015-09-24 16:43:45,
Primary_Water_Quality_Criteria.pdf,/home/manu/mining_gpt/data/raw_pdfs/Primary_Water_Quality_Criteria.pdf,0.17,4,2026-06-01T15:13:35.856798,,,,,"iText# by Gerald Henson (r0.95 of lowagie.com, based on version Paulo build 103)",2013-03-06 19:19:04+05:30,2019-10-11 11:58:20+05:30
THE-METALLIFEROUS-MINES-REGULATIONS-1961.pdf,/home/manu/mining_gpt/data/raw_pdfs/THE-METALLIFEROUS-MINES-REGULATIONS-1961.pdf,0.56,139,2026-06-01T15:13:35.955236,THE-METALLIFEROUS-MINES-REGULATIONS-1961,Deepak Gupta,,mmr.doc - Microsoft Word,Acrobat PDFWriter 5.0 for Windows NT; modified using iText® 7.1.4 ©2000-2018 iText Group NV (AGPL-version),2006-05-19 23:59:20+00:00,2019-03-19 18:30:24+05:30
THE_ENVIRONMENT.pdf,/home/manu/mining_gpt/data/raw_pdfs/THE_ENVIRONMENT.pdf,0.12,11,2026-06-01T15:13:35.957520,,NCM1,,Nitro PDF Professional  (6. 2. 0. 44),Nitro PDF Professional  (6. 2. 0. 44),2013-05-24 12:59:35+00:00,2013-05-24 12:59:36+00:00
The_Environment_Protection_Rules_1986-3.pdf,/home/manu/mining_gpt/data/raw_pdfs/The_Environment_Protection_Rules_1986-3.pdf,0.12,11,2026-06-01T15:13:35.959359,,NCM1,,Nitro PDF Professional  (6. 2. 0. 44),Nitro PDF Professional  (6. 2. 0. 44),2013-05-24 12:59:35+00:00,2013-05-24 12:59:36+00:00
a1927-16.pdf,/home/manu/mining_gpt/data/raw_pdfs/a1927-16.pdf,0.75,82,2026-06-01T15:13:35.980254,,HP,,Microsoft® Word 2019,Microsoft® Word 2019,2023-11-17 14:58:01+05:30,2023-11-17 14:58:01+05:30
a1961-43.pdf,/home/manu/mining_gpt/data/raw_pdfs/a1961-43.pdf,5.94,880,2026-06-01T15:13:36.133083,,Naseem,,Microsoft® Word 2010,Microsoft® Word 2010,2019-04-29 15:53:29+04:00,2019-04-29 15:53:29+04:00
a1986-27.pdf,/home/manu/mining_gpt/data/raw_pdfs/a1986-27.pdf,0.38,3,2026-06-01T15:13:36.136511,,ANJU,,Microsoft® Word 2010,Microsoft® Word 2010,2019-04-10 11:56:16-07:00,2019-04-10 11:56:16-07:00
a2003-17.pdf,/home/manu/mining_gpt/data/raw_pdfs/a2003-17.pdf,0.29,21,2026-06-01T15:13:36.143296,,deo ld,,Microsoft® Word 2019,Microsoft® Word 2019,2024-07-25 10:39:38+05:30,2024-07-25 10:39:38+05:30
a2015-11.pdf,/home/manu/mining_gpt/data/raw_pdfs/a2015-11.pdf,0.41,30,2026-06-01T15:13:36.156747,,ANJU,,Microsoft® Word 2019,Microsoft® Word 2019,2023-02-20 11:38:22+04:00,2023-02-20 11:38:22+04:00
aA1992-16.pdf,/home/manu/mining_gpt/data/raw_pdfs/aA1992-16.pdf,0.2,6,2026-06-01T15:13:36.159603,,ANJU,,Microsoft® Word 2021,Microsoft® Word 2021,2025-12-19 10:49:42+05:30,2025-12-19 10:49:42+05:30
auctionrulesamendment.pdf,/home/manu/mining_gpt/data/raw_pdfs/auctionrulesamendment.pdf,1.57,3,2026-06-01T15:13:36.163441,,,,,iTextSharp™ 5.5.13.1 ©2000-2019 iText Group NV (AGPL-version),2021-03-17 16:04:42+05:30,2021-03-17 16:06:20+05:30
captiverules.pdf,/home/manu/mining_gpt/data/raw_pdfs/captiverules.pdf,0.28,17,2026-06-01T15:13:36.166686,Microsoft Word - 2699gi,Administrator,,PScript5.dll Version 5.2.2,GPL Ghostscript 9.06,2016-05-31 22:34:27+05:30,2016-05-31 22:34:27+05:30
coasteal_water_standards.pdf,/home/manu/mining_gpt/data/raw_pdfs/coasteal_water_standards.pdf,0.19,6,2026-06-01T15:13:36.169102,,,,,ScanSoft OmniPage 16,2019-10-16 17:59:06+05:30,2019-10-23 12:48:24+05:30
eprotect_act_1986.pdf,/home/manu/mining_gpt/data/raw_pdfs/eprotect_act_1986.pdf,6.05,15,2026-06-01T15:13:36.179717,,,,,doPDF Ver 7.2 Build 373 (Windows 7 Business Edition - Version: 6.1.7600 (x86)),2011-12-02 12:32:43+05:30,
hH1992-16.pdf,/home/manu/mining_gpt/data/raw_pdfs/hH1992-16.pdf,0.21,2,2026-06-01T15:13:36.181680,,pc,,Microsoft® Word 2016,Microsoft® Word 2016,2023-09-21 18:03:08+05:30,2023-09-21 18:03:08+05:30
mineralevidence.pdf,/home/manu/mining_gpt/data/raw_pdfs/mineralevidence.pdf,0.54,26,2026-06-01T15:13:36.186906,Microsoft Word - 1759gi.doc,Administrator,,PScript5.dll Version 5.2.2,GPL Ghostscript 8.15,2015-04-21 15:10:39,2015-04-21 15:10:39
mininggovtcompany.pdf,/home/manu/mining_gpt/data/raw_pdfs/mininggovtcompany.pdf,0.15,3,2026-06-01T15:13:36.189374,Microsoft Word - 5044gi.doc,12,,PScript5.dll Version 5.2.2,GPL Ghostscript 8.15,2015-12-07 10:12:30,2015-12-07 10:12:30
mmdramend15.pdf,/home/manu/mining_gpt/data/raw_pdfs/mmdramend15.pdf,0.13,12,2026-06-01T15:13:36.192703,5604GI.p65,HCL PC-2,,PageMaker 6.5,Acrobat Distiller 7.0 (Windows),2015-03-30 10:00:35+05:30,2015-03-30 10:01:46+05:30
nonexclusive.pdf,/home/manu/mining_gpt/data/raw_pdfs/nonexclusive.pdf,1.85,10,2026-06-01T15:13:36.196684,,,,,,,
royalty14.pdf,/home/manu/mining_gpt/data/raw_pdfs/royalty14.pdf,3.22,11,2026-06-01T15:13:36.202225,,,,,iText® 5.5.0 ©2000-2013 iText Group NV (ONLINE PDF SERVICES; licensed version),2014-09-03 06:16:38-04:00,2014-09-03 06:16:38-04:00
sandminingframework.pdf,/home/manu/mining_gpt/data/raw_pdfs/sandminingframework.pdf,9.68,256,2026-06-01T15:13:36.307217,,c-rameshwarig,,Microsoft® Word 2013,Microsoft® Word 2013,2018-03-23 21:17:22+05:30,2018-03-23 21:29:16+05:30
starrating.pdf,/home/manu/mining_gpt/data/raw_pdfs/starrating.pdf,0.49,13,2026-06-01T15:13:36.317486,,RCOM,,Microsoft® Word 2013,Microsoft® Word 2013,2016-05-24 09:39:39+05:30,2016-05-24 09:39:39+05:30
